年度,科目,No.,図,問題文,選択肢1,選択肢2,選択肢3,選択肢4,正答
R01,計画,1,,建築及び都市の計画に関する次の記述のうち、最も不適当なものはどれか。,ソシオペタルは、複数の人間が集まったときに、異なる方向に身体を向けて他人同士でいようとするような位置関係をいう。,ユニバーサルデザインは、全ての人を対象としたものであり、障がいの有無、年齢や体型の違い、身体機能の差等に関係なく、可能な限り誰もが利用できるデザインをいう。,パッシブデザインは、建築物自体の配置・形状、窓の大きさ等を工夫することにより、建築物内外に生じる熱や空気や光等の流れを制御し、暖房・冷房・照明効果等を積極的に得る手法をいう。,スマートシティは、広義では、都市が抱える諸課題に対して、情報通信技術等を活用しつつ、マネジメント(計画、整備、管理・運営等)が行われ、全体の最適化が図られる持続可能な都市又は地区をいう。,2
R01,計画,2,,神社建築に関する次の記述のうち、最も不適当なものはどれか。,伊勢神宮内宮正殿(三重県)は、柱は全て掘立て柱で、2本の棟持柱をもつ、神明造りの例である。,出雲大社本殿(島根県)は、桁行2間、梁間2間の平面をもち、正面の片方の柱間を入口とした左右非対称の形式をもつ、大社造りの例である。,賀茂別雷神社本殿・権殿(京都府)は、切妻造り、平入りの形式をもち、前面の屋根を延長して向拝を設けた、流造りの例である。,春日大社本殿(奈良県)は、本殿と拝殿との間を石の間でつないだ、権現造りの例である。,2
R01,計画,3,,歴史的な建築物に関する次の記述のうち、最も不適当なものはどれか。,サン・ピエトロ大聖堂(ヴァチカン)は、身廊部と袖廊部がともに三廊式であり、内陣には周歩廊と放射状に並ぶ複数の祭室とをもつゴシック建築である。,アーヘンの宮廷礼拝堂(ドイツ)は、平面が八角形の身廊とそれを囲む十六角形の周歩廊があり、身廊の上部にはドーム状のヴォールトをもつ集中式の建築物である。,サン・カルロ・アッレ・クァットロ・フォンターネ聖堂(イタリア)は、楕円形のドームと、凹凸の湾曲面や曲線が使用されたファサードをもつバロック建築である。,コルドバの大モスク(スペイン)は、紅白縞文様の2段のアーチを伴って林立する柱による内部空間をもち、現在はキリスト教文化とイスラム教文化とが混在している建築物である。,3
R01,計画,4,,建築物の各部に関する次の記述のうち、最も不適当なものはどれか。,特定天井に関する設計ルートのうち、仕様ルートの一つとして、天井面と周囲の壁等との間にクリアランスを設けない「隙間なし天井」がある。,Low-E複層ガラスは、中空層側のガラス面に特殊金属膜をコーティングしたものであり、室内の冷暖房効率を高めることができる。,連窓を層間変位の大きな建築物に設ける場合、地震時の安全性を向上させるために、ガラスがサッシ枠内で回転・移動しても力が加わらないように、枠とガラスとの間にクリアランスを設ける必要がある。,カーテンウォールのオープンジョイント方式の水密性能について、雨水の浸入を防止するためには、等圧空間の容量を、空気取入口に比べて大きくする必要がある。,4
R01,計画,5,,防犯計画等に関する次の記述のうち、最も不適当なものはどれか。,事務所の計画において、公道から敷地内や建築物内、事務室等への動線は、セキュリティレベルの低いほうから高いほうへ連続させることが望ましい。,小学校の計画において、不審者の侵入防止等に配慮して、職員室は運動場や出入口を見渡すことのできる位置に配置することが望ましい。,住宅地の計画において、ラドバーン方式は、心理的効果を考慮した設計によって、犯罪抑止効果を高める手法である。,ゲーテッド・コミュニティは、住宅地をフェンスや壁等で囲い、出入口にゲートを設けて、住民以外の人や車両の出入りを制限した居住地区である。,2
R01,計画,6,,環境に配慮した建築物の計画に関する次の記述のうち、最も不適当なものはどれか。,越屋根は、切妻屋根等の棟の一部に設けられた小屋根又はその下の開口部を含めた部分をいい、当該開口部から自然換気や採光が期待できる。,コンクリート躯体を蓄熱体として利用するためには、「外断熱とすること」、「開口部からの日射を直接コンクリート躯体に当てること」、「コンクリート躯体を直接室内に露出させること」等が有効である。,クールスポットは、外気温度が建築物内の温度以下となる夜間を中心に、外気を室内に導入することによって躯体を冷却する方法であり、冷房開始時の負荷を低減し、省エネルギー化を図ることができる。,アースチューブは、地中に埋設したチューブに空気を送り込み、夏期には冷熱源、冬期には温熱源として利用する方式であり、一般に、外気温度の年較差又は日較差が大きい地域ほど熱交換効果が大きい。,3
R01,計画,7,,建築物の各部の寸法等に関する次の記述のうち、最も不適当なものはどれか。,地下階に駐車場を設ける大規模店舗において、売場のレイアウトと駐車場の駐車台数の効率を考慮して、柱割りを8.5m×8.5mとした。,高層事務所ビルのエレベーターの計画において、低層用5台と高層用5台とを幅4mの通路を挟んで対面配置とした。,図書館の開架閲覧室における複式(両面使用型) 書架の中央支柱の心々距離については、車椅子使用者同士がすれ違うことができるように、250cmとした。,普通乗用車を駐車させる屋内駐車場の計画において、1台当たりの所要面積をなるべく少なくするため、直角駐車とした。,2
R01,計画,8,,公立小学校・中学校の計画に関する次の記述のうち、最も不適当なものはどれか。,既存の中学校の校舎を小中一貫教育を行う義務教育学校に変更する計画に当たり、階段に、手摺、滑止め等の安全上の措置を講じることにより、蹴上げの高さを変更しなかった。,中学校の計画に当たり、各教科で専用の教室をもち、生徒が時間割に従って教室を移動して授業を受ける総合教室型とした。,普通教室(40人)の広さは、多様な学習形態に対応する机、家具等の配置が可能な面積、形状を考慮し、9m×8mとした。,特別の支援を必要とする児童が通常の学級に在籍する場合を想定し、その児童が落着きを取り戻すことのできる小規模な空間を、普通教室に隣接して設けた。,2
R01,計画,9,,高齢者、障害者等の利用に配慮した建築物の計画に関する次の記述のうち、「高齢者、障害者等の円滑な移動等に配慮した建築設計標準(国土交通省)」に照らして、最も不適当なものはどれか。,公民館の便所において、車椅子使用者用便房における便器洗浄ボタンは、ペーパーホルダーの直上に設置した。,博物館の便所の計画において、乳幼児用おむつ交換台等の乳幼児連れ利用者に配慮した設備は、利用者の分散を図る観点から多機能便房に設けることは避け、男性用及び女性用の便所内にそれぞれ設けた。,ホテルのエレベーターにおいて、エレベーターの籠内の階数ボタン等の点字表示は、ボタンが縦配列であったので、それぞれのボタンの右側に設けた。,庁舎の避難設備・施設の計画において、利用者が安全に救助を待つための一時待避スペースを階段室内に設け、待避した際に助けを求めたり状況を伝えたりするためのインターホンを設置した。,3
R01,計画,10,,都市の再生、まちづくり等に関する次の記述のうち、最も不適当なものはどれか。,インナーシティ問題は、都市の中心とその周辺の市街地における人口の減少と産業の衰退、地域の荒廃等のことである。,ブラウンフィールドは、土壌汚染の存在、あるいはその懸念から、本来、その土地が有する潜在的な価値よりも著しく低い利用あるいは未利用となった土地をいう。,二地域居住は、都市住民が農山漁村等の地域にも同時に生活拠点をもつこと等をいう。,パークアンドライドシステムは、中心市街地をバリアフリー化して車椅子や電動スクーター等を貸し出し、歩行困難者の外出の機会の拡大だけでなく、市街地の活性化を促す仕組みの一つである。,3
R01,計画,11,,都市の再生に関する次の記述のうち、最も不適当なものはどれか。,ハイライン(ニューヨーク)は、廃線になった貨物専用の高架線跡を再利用し、緑豊かな展望公園へと再生させたものである。,ドックランズ再開発計画(ロンドン)は、大規模な区画の整理によって街区を撤去し、中央部を遊歩道とする広場をつくり出したプロジェクトである。,ポツダム広場再開発計画(ベルリン)は、第二次世界大戦とその後の東西分断により長年更地であった敷地に、複合機能をもたせたプロジェクトである。,門司港レトロ地区(北九州市)は、門司港周辺の歴史的建造物群と関門海峡や門司港の景観を活かした街並みが形成されている地区である。,4
R01,計画,12,,ニュータウン及び集合住宅に関する次の記述のうち、最も不適当なものはどれか。,ネクサスワールドのレム棟・コールハース棟(福岡県)は、各住戸に採光と通風を確保するためのプライベートな中庭が設けられた計画である。,基町高層アパート(広島県)は、偶数階に通路をもつ住棟を「く」の字型に連結させた計画である。,千里ニュータウン(大阪府)は、近隣住区の単位にはとらわれず、将来のワンセンター方式への移行等が意図された計画である。,港北ニュータウン(神奈川県)は、公園、保存緑地と緑道、歩行者専用道路とを結ぶネットワークをもつ計画である。,3
R01,計画,13,,日本における住宅の計画に関する次の記述のうち、最も不適当なものはどれか。,四間取は、土間を除く床上部分を田の字型に4室構成とする、伝統的な農家の平面形式の一つである。,公営住宅標準設計51C型は、住生活の多様化に対応するため、食事室と台所とを分離した計画である。,テラスハウスは、区画された専用庭をもつ住戸を、境界壁を介して連続させた接地型の低層集合住宅である。,コーポラティブハウスは、自ら居住する住宅を建設しようとする者が組合を結成し、共同して事業計画を定め、建築物の設計、工事発注等を行って住宅を取得し、管理していく方式である。,1
R01,計画,14,,劇場に関する次の記述のうち、最も不適当なものはどれか。,能楽堂は、一般に、「本舞台」、「後座」、「地謡座」及び「橋掛り」から成り立つ舞台と、その舞台を3方向から眺める客席をもつ空間である。,1997年に復元されたロンドンのシェークスピア劇場(グローブ座)は、観客と舞台との一体感を得られやすいプロセニアム形式の劇場である。,搬出入のためのサービスヤードにおいて、ウィング式の大型トラックが停車するスペースの、床から天井までの高さは5m以上とすることが望ましい。,車椅子使用者用の客席は、車椅子使用者が選択できるように、2箇所以上の異なる位置に分散して設けることが望ましい。,4
R01,計画,15,,木材を活用した建築物に関する次の記述のうち、最も不適当なものはどれか。,住田町役場(岩手県)は、凸レンズ状に組まれたトラス梁が並んだ屋根架構をもつ建築物である。,群馬県農業技術センター(群馬県)は、小断面の製材を格子状に組み合わせた屋根架構をもつ建築物である。,海の博物館展示棟(三重県)は、主要構造部の柱や梁には、鋼材を内蔵した集成材を使用し、外壁にはガラスカーテンウォールと木製ルーバーを使用した建築物である。,出雲ドーム(島根県)は、集成材とケーブル等で構成された立体張弦アーチと、膜屋根を組み合わせた架構をもつ建築物である。,1
R01,計画,16,,病院に関する次の記述のうち、最も不適当なものはどれか。,病院は、医業又は歯科医業を行う場所であり、20人以上の患者を入院させるための施設を有するものである。,療養病床における1病室当たりの病床数は、4床以下とする。,1看護単位当たりの病床数は、80床を標準とする。,療養病床における患者の利用する廊下の幅は、医療法に基づき、片側に病室がある場合、内法による測定で1.8m以上とする。,4
R01,計画,17,,美術館(設計者)に関する次の記述のうち、最も不適当なものはどれか。,ニューヨーク近代美術館(谷口吉生)は、敷地の北側と南側に通抜けが可能なエントランスホールがあり、中庭と連続する空間となっている。,ロサンゼルス現代美術館(磯崎新)は、赤砂岩の外壁をもつ基壇部があり、その基壇部の上にピラミッド型のトップライト等が配置されている。,フォートワース現代美術館(安藤忠雄)は、平行に並べられた長方形の室によって展示室が構成され、その展示室には日差しへの配慮から深い庇が掛けられている。,アスペン美術館(坂茂)は、建築物の中央部にアトリウムがあり、アトリウムに面した螺旋状のスロープによって、最上階から地上階まで連続した空間となるように計画されている。,1
R01,計画,18,,建築物の設計・工事監理等に関する次の記述のうち、最も不適当なものはどれか。,四会連合協定「建築設計・監理等業務委託契約約款」における建築設計業務委託契約において、委託者は、必要があると認めるときは、受託者に書面をもって通知して、設計業務の全部又は一部の中止を請求することができる。,四会連合協定「建築設計・監理等業務委託契約約款」における建築設計業務委託契約において、受託者は、委託者の承諾なく、成果物、未完了の成果物及び設計業務を行ううえで得られた記録等を他人に閲覧させ、複写させ、又は譲渡してはならない。,建築士法に定められた、設計又は工事監理の契約を締結する際に行う重要事項(業務の内容及びその履行に関する事項)の説明等は、管理建築士以外の建築士が行ってはならない。,工事監理業務においては、一般に、民法における「善良な管理者の注意義務(善管注意義務)」が求められており、この義務を怠り損害が生じた場合には、監理業務委託契約書に明記されていなくても過失責任が問われることがある。,4
R01,計画,19,,建築積算に関する次の記述のうち、建築工事建築数量積算研究会「建築数量積算基準」に照らして、最も不適当なものはどれか。,コンクリートの数量において、窓、出入口等の開口部によるコンクリートの欠如は、建具類等の開口部の内法寸法とコンクリートの厚さとによる体積とし、1箇所当たりの開口部の体積が0.5m?以下の場合は、コンクリートの欠除はないものとする。,型枠の数量において、コンクリートの上面が傾斜している場合、その勾配が3/10を超えるものについては、その部分の上面型枠又はコンクリートの上面の処理を計測・計算の対象とする。,鉄骨の溶接の数量において、原則として、溶接の種類に区分し、溶接断面形状ごとに長さを求め、すみ肉溶接脚長6mmに換算した延べ長さとする。,全面がガラスである建具類のガラスの数量において、かまち、方立、桟等の見付幅が0.1mを超えるものがあるときは、その面積を差し引いた面積とする。,3
R01,計画,20,,建築のマネジメント等に関する次の記述のうち、最も不適当なものはどれか。,公共工事におけるECI方式は、設計段階の技術協力の実施期間中に、施工の数量・仕様を確定したうえで工事契約をする方式であり、施工性等の観点から施工者の提案が行われることにより、施工段階における設計変更の発生リスクの減少等が期待できる。,建築物におけるコミッショニングは、一般に、環境・エネルギー性能等の観点から建築物のオーナーやユーザーが求める要求性能を把握して、その要求性能の実現を検証することである。,BCPは、企業が災害や事故で被害を受けても、重要な業務が中断しないこと、中断しても可能な限り短い期間で再開すること等、事業の継続を追求するための計画である。,CRE戦略は、国や地方公共団体の事業コストの削減や、より質の高い公共サービスの提供を目的として、民間の資金、経営能力及び技術的能力を活用して公共施設等の設計、建設、維持管理及び運営を行う手法である。,3
R01,環境・設備,1,,環境工学における用語に関する次の記述のうち、最も不適当なものはどれか。,等価騒音レベルは、聴感補正された音圧レベルのエネルギー平均値であり、一般に、変動する騒音の評価に用いられる。,プルキンエ現象は、視感度の相違によって、明所視に比べ暗所視において、赤が明るく、青が暗く見える現象である。,空気齢は、流入口から室内に入った所定量の空気が、室内のある地点に到達するまでに経過する平均時間である。,作用温度(OT)は、一般に、発汗の影響が小さい環境下における熱環境に関する指標として用いられ、空気温度と平均放射温度の重み付け平均で表される。,4
R01,環境・設備,2,,容積が100m?の室において、室内の水蒸気発生量が0.6kg/h、換気回数が1.0回/hのとき、十分に時間が経過した後の室内空気の重量絶対湿度として、最も適当なものは、次のうちどれか。ただし、室内の水蒸気は室全体に一様に拡散するものとし、外気の重量絶対湿度を0.010kg/kg(DA)、空気の密度を1.2kg/m?とする。なお、乾燥空気1kgを1kg(DA)と表す。,0.005 kg/kg(DA),0.010 kg/kg(DA),0.015 kg/kg(DA),0.020 kg/kg(DA),4
R01,環境・設備,3,図あり,外気温度5℃、無風の条件の下で、図のような上下に開口部を有する断面の建築物A・B・Cがある。室内温度がいずれも18℃に保たれ、上下各々の開口面積がそれぞれ0.4m?、0.6m?、0.7m?、開口部の中心間の距離がそれぞれ4m、2m、1mであるとき、建築物A・B・Cの換気量QA・QB・QCの大小関係として、正しいものは、次のうちどれか。ただし、いずれの開口部も流量係数は一定とし、中性帯は開口部の中心間の中央に位置するものとする。なお、√2≒1.4として計算するものとする。,QA > QB > QC,QB > QA > QC,QB > QC > QA,QC > QB > QA,1
R01,環境・設備,4,,建築物の伝熱に関する次の記述のうち、最も不適当なものはどれか。,外壁において、熱橋部分の室内側表面温度は、一般に、熱橋部分以外の部分の室内側表面温度に比べて、外気温度に近くなる。,複層ガラスの中空層が完全な真空であると仮定すると、複層ガラスの熱貫流率は、0(ゼロ)となる。,壁体内の密閉された中空層の熱抵抗は、中空層の厚さが100mmを超えるとほとんど変化しない。,外壁面の外気側における総合熱伝達率は、外壁面が外気温度に等しい黒体で覆われていると仮定し、日射や夜間放射の影響がないものとみなした値である。,2
R01,環境・設備,5,,建築物における防火・防災に関する次の記述のうち、最も不適当なものはどれか。,縦長の窓は、横長の窓に比べて噴出する火炎が外壁から離れにくいことから、上階への延焼の危険性が高い。,病院の手術室、ICU、NICU等は、籠城区画として計画することが望ましい。,不特定多数の者が利用する大規模量販店等において、売場の避難出口の扉は、廊下等の有効幅員に配慮しつつ、外開きにすることが望ましい。,避難時に利用する階段室への出入口の有効幅員は、一般に、流動係数を考慮し、階段の有効幅員よりも狭くする。,3
R01,環境・設備,6,,日照・日射に関する次の記述のうち、最も不適当なものはどれか。,窓面における日照・日射の調整のために設けるルーバーは、一般に、南向き窓面には水平のものが、西向き窓面には垂直のものが有効である。,北緯35度のある地点における春分・秋分の日の終日日射量は、終日快晴の場合、どの向きの鉛直面よりも水平面のほうが大きい。,直射日光の色温度は、正午頃より日没前頃のほうが高い。,ライトシェルフは、その上面で反射した昼光を室内の奥に導くことから、室内照度の均斉度を高めることができる。,2
R01,環境・設備,7,図あり,図のような点光源に照らされた水平な受照面上の点Pにおいて、I(点光源の光度)、r(点光源から点Pまでの距離)、θ(点光源から点Pへの入射角)及び点Pにおける水平面照度の組合せとして、最も不適当なものは、次のうちどれか。ただし、点光源の配光特性は一様なものとする。,I(cd)=100  r(m)=2  θ(度)=0  点Pにおける水平面照度(lx)=25,I(cd)=100  r(m)=1  θ(度)=60  点Pにおける水平面照度(lx)=50,I(cd)=25  r(m)=0.5  θ(度)=0  点Pにおける水平面照度(lx)=100,I(cd)=50  r(m)=0.5  θ(度)=60  点Pにおける水平面照度(lx)=200,2
R01,環境・設備,8,,色彩に関する次の記述のうち、最も不適当なものはどれか。,減法混色の三原色は、一般に、シアン、マゼンタ及びイエローである。,同化現象は、囲まれた色や挟まれた色が周囲の色に近づいて見えることをいう。,JISの物体色の色名における有彩色の系統色名は、基本色名に「明度に関する修飾語」、「彩度に関する修飾語」及び「色相に関する修飾語」の3種類の語を付記して色を表示する。,照度と色温度の関係において、一般に、低照度では色温度の低い光色が好まれ、高照度では色温度の高い光色が好まれる。,1
R01,環境・設備,9,,音響に関する次の記述のうち、最も不適当なものはどれか。,聴覚のマスキングは、マスカー(マスクする音)の周波数に近い音ほどマスクされやすく、マスカーの周波数に比べ、低い音のほうが高い音よりもマスクされやすい。,カラレーションは、「直接音」と「短い遅れ時間の反射音」の干渉によって、音色の変化等が知覚される現象をいう。,室容積が同じ場合であっても、一般に、西洋音楽のためのコンサートホールとオペラハウスとでは、最適残響時間が異なる。,学校の普通教室においては、平均吸音率が0.2程度となるように、吸音対策を施すことが望ましい。,3
R01,環境・設備,10,,吸音・遮音に関する次の記述のうち、最も不適当なものはどれか。,孔あき板と剛壁との間に空気層を設けた吸音構造の固有周波数は、空気層の厚みを大きくすると低周波数域に移動する。,駅、空港、ショッピングモール等の公共施設においては、放送音声の聞こえやすさを確保するため、一般に、吸音処理を避けることが望ましい。,乾式二重床を採用する場合は、床板とスラブとの間の空気層をバネとする共振系が形成されることから、低周波数域において床衝撃音の遮断性能が低下することがある。,壁の音響透過損失を10dB増加させるためには、壁の音響透過率を現状の1/10にする必要がある。,4
R01,環境・設備,11,,空気調和設備に関する次の記述のうち、最も不適当なものはどれか。,ペリメーターレス化は、ペリメーターゾーンにおける熱負荷を、建築的手法と設備的手法とを組み合わせて可能な限り減少させ、ペリメーターゾーンをインテリアゾーンに近い温熱環境とすることである。,熱負荷に応じて送風量を調整する変風量(VAV)方式は、VAVユニットを部屋ごと又はゾーンごとに配置することから、個別の温度制御が可能である。,外気冷房は、外気のエンタルピーが室内空気のエンタルピーよりも高い場合に、それらのエネルギーの差を冷房に利用するものである。,ダブルスキンは、外壁の一部又は全てをガラスの二重構造とし、その中間の空気の換気等による熱負荷低減、及び室内の窓際の環境改善を図ったものである。,3
R01,環境・設備,12,,空気調和・換気設備に関する次の記述のうち、最も不適当なものはどれか。,シックハウス対策のための居室の換気を機械換気方式で行う場合、必要有効換気量を求める際の換気回数は、当該居室の天井の高さによっては、その天井の高さの区分に応じて低減することができる。,半導体や液晶を製造する工場のクリーンルームにおいては、一般に、清浄度を保つために周囲の空間に対して正圧となるように制御を行い、塵埃の流入を防止する。,空調機のウォーミングアップ制御は、一般に、外気ダンパーを全閉にするとともに還気ダンパーを全開にする制御等を行い、空調の立ち上がり時間を短縮する方法である。,中央熱源空調方式は、在館者それぞれの要望に対応することができないことから、パーソナル空調方式としては採用されない。,1
R01,環境・設備,13,,空気調和・換気設備に関する次の記述のうち、最も不適当なものはどれか。,長方形ダクトの断面のアスペクト比を、6:1とした。,セントラルダクト方式を採用した高層建築物において、低圧ダクトではダクトスペースが建築面積に対して大きな割合となることから、高圧ダクトとした。,天井から下向きに軸流吹出し口を設置する事務室の計画に当たり、居住域の上面における風速が0.5m/s以下となるようにした。,水蓄熱槽の性能を十分に発揮させるために、槽内の高温水と低温水とを可能な限り分離させた。,2
R01,環境・設備,14,,給水設備に関する次の記述のうち、最も不適当なものはどれか。,水道直結直圧方式は、水道本管の圧力を利用して建築物内の必要箇所に給水する方式であり、一般に、3階建て以下の建築物で小規模なものに適用することができる。,高置水槽方式は、水道本管からの水を受水槽へ貯水した後に、屋上等に設置した高置水槽へ揚水し、そこから重力を利用して建築物内の必要箇所に給水する方式であり、一般に、大規模な建築物にも適用することができる。,水道直結増圧方式は、水道本管の圧力に加えて増圧ポンプによって建築物内の必要箇所に給水する方式であり、一般に、水道本管への逆流について考慮する必要はない。,ポンプ直送方式は、水道本管からの水を受水槽へ貯水した後に、給水ポンプによって建築物内の必要箇所に給水する方式であり、一般に、建築物が停電した際は給水することができない。,3
R01,環境・設備,15,,給排水衛生設備に関する次の記述のうち、最も不適当なものはどれか。,災害応急対策活動に必要な医療施設において、地震災害時に使用できる水を確保するために、受水槽に地震の感知により作動する緊急給水遮断弁を設けた。,雨水排水管と汚水排水管とを別系統で配管した建築物において、公共下水道が合流式であったことから、雨水排水と汚水排水とを屋外の排水ますで同一系統とした。,循環式の中央式給湯設備において、レジオネラ属菌の繁殖を防ぐために、貯湯槽内の湯の温度を60℃以上に保つこととした。,伸頂通気方式の排水通気配管において、通気流速を高めるために、伸頂通気管の管径を排水立て管の管径よりも1サイズ小さいものとした。,4
R01,環境・設備,16,,電気設備に関する次の記述のうち、最も不適当なものはどれか。,電圧の種別において、交流で600V以下のものは、低圧に区分される。,力率は、交流回路に電力を供給する際の「皮相電力(電圧と電流との積)」に対する「有効電力」の比率である。,幹線に使用する配線方式において、バスダクト方式は、負荷の増設に対応しにくいことから、小容量の電力供給に限られている。,無停電電源装置(UPS)は、整流器、蓄電池、インバータ等により構成され、瞬間的な電圧降下時や停電時においても安定した電力供給を維持するためのものである。,1
R01,環境・設備,17,,照明設備に関する次の記述のうち、最も不適当なものはどれか。,病院の手術室及び診察室の照明設備において、事務室に使用する光源に比べて演色性の低い光源を使用した。,住宅のリビングの間接照明において、熱放射が少なく、ランプ交換等のメンテナンス頻度が少ないLEDランプを使用した。,事務室の照明計画において、ランプのサイズが小さく高輝度のLEDランプを使用するに当たり、グレアに配慮して、光源が直接目に入らないようにした。,事務室の照明計画において、ブラインドの自動制御により昼光を利用し、かつ、照度センサーを用いた照明の制御も併せて行うことにより、消費電力が少なくなるようにした。,3
R01,環境・設備,18,,防災設備に関する次の記述のうち、最も不適当なものはどれか。,水噴霧消火設備は、噴霧水による冷却作用と噴霧水が火炎に触れて発生する水蒸気による窒息作用等により、火災の抑制・消火をする固定式の消火設備である。,排煙設備は、専用の設備として設けることが原則であるが、換気設備が排煙設備としての性能を有していることが確認された場合には、兼用が認められることがある。,屋外消火栓設備は、防火対象物の外部に設置され、建築物の1階部分及び2階部分で発生した火災の消火や隣接する建築物への延焼防止を目的としている。,連結送水管は、地下階の火災の際、消火活動を容易にするために、消防ポンプ自動車から送水し、天井又は天井裏の散水ヘッドから放出することにより消火する設備である。,4
R01,環境・設備,19,,建築設備に関する次の記述のうち、最も不適当なものはどれか。,冷却塔は、冷却水の蒸発による冷却作用を有効に利用するため、建築物の外気取入れ口に近い位置に計画することが望ましい。,リバースリターン方式は、往き管と還り管の流量が等しい循環配管系には適しているが、給湯管と返湯管で流量が大きく異なる場合には適さない。,分流式下水道の区域において、雨水管の敷地境界部には、下水道本管からの害虫等の侵入防止を目的として、雨水トラップを設ける必要がある。,空調用の蓄熱槽の水は、必要な措置が講じられている場合には、消防用水として使用することができる。,3
R01,環境・設備,20,,環境・設備に関する次の記述のうち、最も不適当なものはどれか。,微気候は、一般に、建築物や人体への影響が大きい地表面近くの気候、室内環境における建築部材付近や人体の皮膚付近の気候等をいう。,バスタブ曲線は、グラフの縦軸を故障率、横軸を時間とし、設備の信頼性や保全性の概念を示したものである。,冷凍機に使用される代替冷媒のフロン(HFC)は、オゾン破壊係数は0(ゼロ)であるが、地球温暖化係数が高い温室効果ガスの一種である。,CASBEEの評価においては、BEEの値が小さいほど建築物の環境性能が高いと判断される。,1
R01,法規,1,,次の記述のうち、建築基準法上、誤っているものはどれか。,建築物の周囲において発生する通常の火災による延焼の抑制に一定の効果を発揮するために外壁に必要とされる性能を、「準防火性能」という。,天井面から50cm下方に突出した垂れ壁で、不燃材料で覆われたものは、「防煙壁」に該当する。,電子計算機に対する指令であって、一の結果を得ることができるように組み合わされたものを、「プログラム」という。,木造、地上2階建ての建築物において、土台の過半について行う修繕は、「大規模の修繕」に該当する。,4
R01,法規,2,,面積、高さ又は階数に関する次の記述のうち、建築基準法上、誤っているものはどれか。,前面道路の境界線から後退して壁面線の指定がある場合において、特定行政庁の許可を受けて建築物の容積率の算定に当たり当該前面道路の境界線が当該壁面線にあるものとみなす建築物については、当該建築物の敷地のうち前面道路と壁面線との間の部分の面積は、敷地面積又は敷地の部分の面積に算入しない。,前面道路との関係についての建築物の各部分の高さの制限に係る建築物の後退距離の算定の特例の適用を受ける場合、ポーチの高さの算定については、前面道路と敷地との高低差にかかわらず、地盤面からの高さによる。,北側の前面道路又は隣地との関係についての建築物の各部分の高さの最高限度が高度地区に関する都市計画において定められている場合の高さの算定に当たっては、建築物の屋上部分にある階段室で、その水平投影面積の合計が当該建築物の建築面積の1/8であるものについては、その部分の高さは、当該建築物の高さに算入する。,建築物の地下1階(機械室、倉庫及び防災センター(中央管理室)の用途に供する。)で、水平投影面積の合計が当該建築物の建築面積の1/8であるものについては、当該建築物の階数に算入する。,2
R01,法規,3,,都市計画区域内における次の行為のうち、建築基準法上、確認済証の交付を受ける必要がないものはどれか。ただし、建築等に関する確認済証の交付を受ける必要がない区域の指定はないものとする。,鉄骨造、延べ面積300m?、平家建ての倉庫の屋根の過半の修繕,共同住宅の新築工事を施工するために設ける鉄骨造、延べ面積200m?、地上2階建ての仮設の工事管理事務所であって、現場以外の場所に設けるものの新築,鉄骨造、延べ面積100m?、高さ5m、平家建ての一戸建ての住宅における、鉄骨造、床面積15m?、平家建ての附属自動車車庫の増築,第一種住居地域内において、鉄筋コンクリート造、延べ面積500m?、地上2階建ての診療所(患者の収容施設があるもの)の、有料老人ホームへの用途変更(大規模の修繕又は大規模の模様替を伴わないもの),4
R01,法規,4,,次の記述のうち、建築基準法上、誤っているものはどれか。,鉄骨造、延べ面積1000m?、地上3階建ての共同住宅を新築する場合においては、当該建築物の建築主は、検査済証の交付を受ける前においても、指定確認検査機関が安全上、防火上及び避難上支障がないものとして国土交通大臣が定める基準に適合していることを認めたときは、仮に、当該建築物又は建築物の部分を使用し、又は使用させることができる。,延べ面積3000m?、地上5階建ての事務所の用途に供する建築物(国等の建築物を除く。)で特定行政庁が指定するものの所有者等は、当該建築物の敷地、構造及び建築設備について、定期に、一級建築士若しくは二級建築士又は国土交通大臣から所定の資格者証の交付を受けた者にその状況の調査をさせて、その結果を特定行政庁に報告しなければならない。,延べ面積800m?、地上5階建ての事務所について、ホテルの用途に供する部分の床面積の合計が500m?となる用途の変更に係る確認済証の交付を指定確認検査機関から受けた場合において、建築主は、当該工事が完了したときは、当該指定確認検査機関の検査を申請しなければならない。,延べ面積5000m?、地上5階建ての百貨店(3階以上の階における百貨店の用途に供する部分の床面積の合計が3000m?のもの)の大規模の修繕の工事で、避難施設等に関する工事の施工中において、当該建築物を使用する場合においては、当該建築主は、仮使用の認定を受けるとともに、あらかじめ、当該工事の施工中における当該建築物の安全上、防火上又は避難上の措置に関する計画を作成して特定行政庁に届け出なければならない。,3
R01,法規,5,,次の記述のうち、建築基準法上、誤っているものはどれか。,劇場における昇降機機械室用階段の蹴上げの寸法は、23cmとすることができる。,集会場における客用の階段及びその踊場に、高さ85cmの手すりが設けられた場合における階段及びその踊場の幅は、手すりの幅が10cmを限度として、ないものとみなして算定する。,石綿が添加された建築材料が使用されていることにより建築基準法第3条第2項の規定の適用を受けている倉庫について、基準時における延べ面積が1200m?のものを増築して延べ面積1500m?とする場合、増築に係る部分以外の部分においては、石綿が添加された建築材料を被覆すること等の措置が必要となる。,近隣商業地域内の住宅(縁側を有しないもの)の開口部である天窓の採光補正係数は、開口部が道に面しない場合であって、水平距離が4m以上であり、かつ、採光関係比率に10を乗じた数値から1.0を減じて得た算定値が1.0未満となる場合においては、1.0とする。,4
R01,法規,6,,防火区画に関する次の記述のうち、建築基準法上、誤っているものはどれか。ただし、自動式のスプリンクラー設備等は設けられていないものとする。,地上15階建ての事務所の15階部分で、当該階の床面積の合計が300m?のものは、原則として、床面積の合計100m?以内ごとに防火区画しなければならない。,1階を自動車車庫(当該用途に供する部分の床面積の合計が130m?)とし、2階及び3階を事務所とする地上3階建ての建築物においては、当該自動車車庫部分と事務所部分とを防火区画しなければならない。,避難階が地上1階であり、地上3階に居室を有する事務所の用途に供する建築物で、主要構造部を準耐火構造としたものにおいては、原則として、地上2階から地上3階に通ずる吹抜きとなっている部分とその他の部分とを防火区画しなければならない。,防火区画に用いる防火シャッター等の特定防火設備は、常時閉鎖若しくは作動をした状態にあるか、又は随時閉鎖若しくは作動をできるものでなければならない。,2
R01,法規,7,,主要構造部を耐火構造とした耐火建築物に関する次の記述のうち、建築基準法に適合しないものはどれか。ただし、自動式のスプリンクラー設備等は設けられていないものとし、居室については、内装の「制限を受ける窓その他の開口部を有しない居室」には該当しないものとする。,物品販売業を営む店舗の用途に供する建築物の用途を変更し、新たに火を使用する調理室を設けた飲食店とする場合に、その調理室の壁及び天井の室内に面する部分の仕上げを、準不燃材料とした。,延べ面積200m?、地上3階建ての一戸建ての住宅において、1階に設ける火を使用する調理室の壁及び天井の室内に面する部分の仕上げを、不燃材料、準不燃材料及び難燃材料以外の材料とした。,延べ面積10000m?、高さ60m、地上15階建ての事務所において、非常用エレベーターの乗降ロビーの天井及び壁の室内に面する部分の仕上げを準不燃材料でし、かつ、その下地を準不燃材料で造った。,地階に設ける集会場の客席及びこれから地上に通ずる主たる廊下、階段その他の通路の壁及び天井の室内に面する部分の仕上げを、準不燃材料とした。,3
R01,法規,8,,避難施設等に関する次の記述のうち、建築基準法上、誤っているものはどれか。ただし、いずれの建築物も各階を当該用途に供するものとし、避難階は地上1階とする。,主要構造部を耐火構造とした地上3階建て、延べ面積3000m?の飲食店(主たる用途に供する居室及びこれから地上に通ずる主たる廊下、階段その他の通路の壁及び天井の室内に面する部分の仕上げを準不燃材料としたもの)の避難階においては、階段から屋外への出口の一に至る歩行距離は、40mとすることができる。,地上5階建ての物品販売業を営む店舗(各階の床面積700m?)の避難階においては、屋外への出口の幅の合計を4mとすることができる。,主要構造部を耐火構造とした地上5階建ての共同住宅で、各階の居室の床面積の合計が180m?であるものは、避難階以外の階から避難階又は地上に通ずる2以上の直通階段を設けなくてもよい。,地上5階建ての共同住宅において、2階以上の階にあるバルコニーの周囲には、安全上必要な高さが1.1m以上の手すり壁、さく又は金網を設けなければならない。,2
R01,法規,9,,防火・避難に関する次の記述のうち、建築基準法上、誤っているものはどれか。,建築物の外部の仕上げに用いる準不燃材料は、通常の火災による火熱が加えられた場合に、加熱開始後10分間、燃焼せず、防火上有害な変形、溶融、き裂その他の損傷を生じないものであって、避難上有害な煙又はガスを発生しないものでなければならない。,主要構造部を耐火構造とした延べ面積5000m?、地上8階建ての共同住宅の敷地内には、屋外に設ける避難階段から道又は公園、広場その他の空地に通ずる幅員が1.5m以上の通路を設けなければならない。,延べ面積3000m?、地上5階建てのホテルの客室において、100m?以内ごとに耐火構造とした床、壁及び所定の防火設備で区画されている場合には、排煙設備を設けなくてもよい。,防火地域内における建築物の屋上に設ける高さ2mの看板は、その主要な部分を不燃材料で造り、又はおおわなければならない。,1
R01,法規,10,,建築設備等に関する次の記述のうち、建築基準法に適合しないものはどれか。,建築物に設けるエレベーターに、駆動装置又は制御器に故障が生じ、かご及び昇降路の全ての出入口の戸が閉じる前にかごが昇降した場合に自動的にかごを制止する装置を設けた。,管の外径が所定の数値以上である給水管、配電管その他の管が、準耐火構造の防火区画を貫通する際に、これらの管の当該貫通する部分及び貫通する部分からそれぞれ両側に1m以内の距離にある部分を不燃材料で造った。,排煙設備を設置しなければならない居室に設ける排煙設備の排煙口に、手動開放装置及び煙感知器と連動する自動開放装置を設けた。,建築物に設けるエスカレーターで、踏段面の水平投影面積が9m?であるものの踏段の積載荷重を、18kNとした。,4
R01,法規,11,,建築物の構造計算に関する次の記述のうち、建築基準法上、誤っているものはどれか。,保有水平耐力計算において、高さ20mの鉄骨造の建築物の屋外に面する帳壁については、構造計算によって風圧に対して構造耐力上安全であることを確かめなくてもよい。,許容応力度等計算において、地震力を計算する場合、学校のバルコニーの床の積載荷重については、1300N/m?に床面積を乗じて計算することができる。,許容応力度等計算において、地下部分に作用する地震力の計算に際して、地震時における建築物の振動の性状を適切に評価して計算することができる場合には、当該計算によることができる。,エキスパンションジョイントその他の相互に応力を伝えない構造方法のみで接している「高さが31mを超える建築物の部分」と「高さが10m以下の建築物の部分」については、それぞれの建築物の部分で必要とされる構造計算の方法を用いることができる。,1
R01,法規,12,,保有水平耐力計算によって安全性が確かめられた建築物に関する次の記述のうち、建築基準法上、誤っているものはどれか。ただし、高さが4m又は延べ面積が30m?を超える建築物とする。,鉄筋コンクリート造の建築物に使用するコンクリートの四週圧縮強度は、1mm?につき12N(軽量骨材を使用する場合においては、9N)以上でなければならない。,鉄筋コンクリート造の建築物の構造耐力上主要な部分である柱の主筋は、帯筋と緊結しなければならない。,鉄骨造の建築物の構造耐力上主要な部分の材料は、炭素鋼若しくはステンレス鋼又は鋳鉄としなければならない。,鉄骨造の建築物において、高力ボルト、ポルト又はリベットの相互間の中心距離は、その径の2.5倍以上としなければならない。,2
R01,法規,13,図あり,図のような木造、地上3階建ての住宅(屋根を金属板で葺いたもの)の1階部分について、桁行方向に設けなければならない構造耐力上必要な軸組の最小限の長さとして、建築基準法上、正しいものは、次のうちどれか。ただし、地盤が著しく軟弱な区域として特定行政庁が指定する区域内にあるものとし、小屋裏等に物置等は設けず、地方の風の状況に応じた「風圧力」に対する軸組の割増はないものとする。また、構造耐力上必要な軸組等の規定の適用の除外はないものとする。なお、図は略図とする。,1610 cm,2150 cm,2415 cm,2600 cm,3
R01,法規,14,,都市計画区域内の道路等に関する次の記述のうち、建築基準法上、誤っているものはどれか。,地区計画の区域のうち、地区整備計画で建築物等の敷地として併せて利用すべき区域として定められている区域内の道路の上空においては、当該道路に係る地区計画の内容に適合し、かつ、所定の基準に適合するものであって特定行政庁が安全上、防火上及び衛生上支障がないと認める建築物については建築することができる。,建築基準法上の道路に該当しない幅員6mの農道のみに2m以上接する敷地における、延べ面積150m?の一戸建て住宅については、特定行政庁が交通上、安全上、防火上及び衛生上支障がないと認める場合には建築することができる。,都市再開発法による新設の事業計画のある幅員8mの道路で、2年以内にその事業が執行される予定のものとして特定行政庁が指定したものは、建築基準法上の道路である。,土地を建築物の敷地として利用するため袋路状道路を築造する場合、特定行政庁からその位置の指定を受けるためには、その幅員を6m以上とし、かつ、延長を35m以下としなければならない。,4
R01,法規,15,,建築物の用途の制限に関する次の記述のうち、建築基準法上、誤っているものはどれか。ただし、用途地域以外の地域、地区等の指定はなく、また、特定行政庁の許可等は考慮しないものとする。,第一種低層住居専用地域内において、「延べ面積180m?、地上2階建ての喫茶店兼用住宅(喫茶店の用途に供する部分の床面積60m?)」は、新築することができる。,田園住居地域内において、「延べ面積300m?、地上2階建ての、地域で生産された農産物を材料とする料理を提供する飲食店」は、新築することができる。,準工業地域内において、「延べ面積5000m?、平家建ての圧縮ガスの製造工場(内燃機関の燃料として自動車に充填するための圧縮天然ガスに係るもの)」は、新築することができる。,工業地域内において、「延べ面積10000m?、地上3階建ての展示場」は、新築することができる。,1
R01,法規,16,図あり,図のような敷地において、建築基準法上、新築することができる建築物の容積率(同法第52条に規定する容積率)の最高限度は、次のうちどれか。ただし、図に記載されているものを除き、地域、地区等及び特定行政庁の指定、許可等は考慮しないものとする。,Oct-37,Oct-40,41.5/10,Oct-45,2
R01,法規,17,図あり,図のような敷地において、建築物を新築する場合、建築基準法上、A点における地盤面からの建築物の高さの最高限度は、次のうちどれか。ただし、敷地は平坦で、敷地、隣地及び道路の相互間に高低差はなく、門、塀等はないものとする。また、図に記載されているものを除き、地域、地区等及び特定行政庁による指定、許可等並びに日影による中高層の建築物の高さの制限及び天空率に関する規定は考慮しないものとする。なお、建築物は、全ての部分において、高さの最高限度まで建築されるものとする。,25.5 m,28.5 m,33.0 m,36.0 m,4
R01,法規,18,,地区計画等又は建築協定に関する次の記述のうち、建築基準法上、誤っているものはどれか。,地区整備計画等が定められている地区計画等の区域内において、市町村の条例で定めることができる制限としては、建築物に附属する高さ2m以内の門又は塀の位置の制限は含まれない。,再開発等促進区で地区整備計画が定められている地区計画の区域内においては、特定行政庁が交通上、安全上、防火上及び衛生上支障がないと認めて許可した建築物については、道路高さ制限、隣地高さ制限及び北側高さ制限は適用されない。,建築協定は、都市計画区域及び準都市計画区域外においては定めることができない。,建築協定書の作成に当たって、建築協定区域内の土地に借地権の目的となっている土地がある場合においては、借地権を有する者の全員の合意がなければならない。,3
R01,法規,19,,次の記述のうち、建築基準法上、誤っているものはどれか。,建築基準法令の規定による指定確認検査機関の処分についての審査請求は、当該処分に係る建築物について建築確認をする権限を有する建築主事が置かれた市町村又は都道府県の建築審査会に対してすることができる。,エレベーターの昇降路の部分又は共同住宅若しくは老人ホーム等の共用の廊下若しくは階段の用に供する部分の床面積が、当該建築物の床面積の合計の1/3を超える場合においては、当該床面積の1/3を限度として、建築物の容積率の算定の基礎となる延べ面積に算入しないものとする。,地盤が軟弱な区域として特定行政庁が規則で指定した区域外において、平家建ての木造の住宅で足固めを使用した場合は、構造耐力上主要な部分である柱で最下階の部分に使用するものの下部に土台を設けなくてもよい。,都市計画区域内においては、火葬場は、都市計画においてその敷地の位置が決定していない場合であっても、特定行政庁が都市計画審議会の議を経てその敷地の位置が都市計画上支障がないと認めて許可した場合においては、新築することができる。,2
R01,法規,20,,ホテルに関する次の記述のうち、建築基準法上、誤っているものはどれか。ただし、用途地域以外の地域、地区等の指定はなく、また、特段の記述がない限り、特定行政庁の許可等は考慮しないものとする。,耐火建築物のホテルで、ホテルの用途に供する3階以上の部分の床面積の合計が350m?である場合、当該用途に供する居室から地上に通ずる主たる廊下、階段その他の通路の壁及び天井の室内に面する部分の仕上げを準不燃材料ですることができる。,高さが31mを超えるホテルで、非常用の昇降機を設けていないことにより建築基準法第3条第2項の規定の適用を受けているものについて増築する場合において、増築に係る部分の床面積の合計が基準時における延べ面積の1/2を超えるときは、非常用の昇降機を設けなければならない。,敷地が第二種中高層住居専用地域内に700m?、近隣商業地域内に600m?と二つの用途地域にわたる場合、当該敷地には、ホテルを新築することができる。,文化財保護法の規定によって重要文化財として指定された建築物であったものの原形を再現する建築物で、特定行政庁が建築審査会の同意を得てその原形の再現がやむを得ないと認めたものについては、建築基準法並びにこれに基づく命令及び条例の規定は、適用されない。,3
R01,法規,21,,次の記述のうち、建築士法上、誤っているものはどれか。ただし、中央指定登録機関の指定は考慮しないものとする。,建築に関する業務に従事する一級建築士にあっては、勤務先が変わり業務の種別に変更があったときは、その日から30日以内に、その旨を住所地の都道府県知事を経由して国土交通大臣に届け出なければならない。,「設計図書」とは、建築物の建築工事の実施のために必要な図面(現寸図その他これに類するものを除く。)をいい、仕様書を含まない。,延べ面積450m?、高さ10m、軒の高さ7mの木造2階建ての既存建築物について、床面積250m?の部分で大規模の修繕を行う場合においては、当該大規模の修繕に係る設計は、一級建築士、二級建築士又は木造建築士でなければしてはならない。,延べ面積400m?の建築物の新築における設計の契約の当事者は、契約の受託者が設計の一部を再委託する場合にあっては、当該再委託に係る設計の概要並びに当該再委託に係る受託者の氏名又は名称及び当該受託者に係る建築士事務所の名称及び所在地を、契約の締結に際して相互に交付する書面に記載しなければならない。,2
R01,法規,22,,次の記述のうち、建築士法上、誤っているものはどれか。ただし、指定事務所登録機関の指定は考慮しないものとする。,一級建築士を使用する者は、他人の求めに応じ報酬を得て、建築物に関する調査若しくは鑑定又は建築物の建築に関する法令の規定に基づく手続の代理を業として行おうとするときは、一級建築士事務所を定めて、その建築士事務所について、都道府県知事の登録を受けなければならない。,都道府県知事の登録を受けている建築士事務所に属する建築士は、当該登録を受けた都道府県以外の区域においても、業として他人の求めに応じ報酬を得て、設計等を行うことができる。,建築士事務所の開設者と管理建築士とが異なる場合においては、その開設者は、管理建築士から、建築士事務所の業務に係る所定の技術的事項に関し、必要な意見が述べられた場合には、その意見を尊重しなければならない。,建築士事務所の開設者は、延べ面積が400m?の建築物の新築工事に係る設計及び工事監理の業務を受託した場合、委託者の許諾を得た場合には、受託業務の一部である工事監理の業務について、一括して他の建築士事務所の開設者に再委託することができる。,4
R01,法規,23,,建築士の講習に関する次の記述のうち、建築士法上、誤っているものはどれか。ただし、中央指定登録機関の指定は考慮しないものとする。,二級建築士として3年以上の設計等の業務に従事した後に管理建築士講習の課程を修了した者が、新たに一級建築士の免許を受けて一級建築士事務所の管理建築士になる場合には、改めて管理建築士講習を受けなければならない。,建築士事務所に属する一級建築士は、建築物の設計又は工事監理の業務に従事しない場合であっても、所定の一級建築士定期講習を受けなければならない。,国土交通大臣に対し、構造設計一級建築士証の交付を申請することができるのは、原則として、一級建築士として5年以上の構造設計の業務に従事した後、登録講習機関が行う所定の講習の課程をその申請前1年以内に修了した者である。,建築士事務所の開設者は、事業年度ごとに作成する設計等の業務に関する報告書において、当該建築士事務所に属する一級建築士が構造設計一級建築士である場合にあっては、その者が受けた構造設計一級建築士定期講習のうち、直近のものを受けた年月日についても記載しなければならない。,1
R01,法規,24,,次の記述のうち、都市計画法上、誤っているものはどれか。,都市計画施設の区域内において、地階を有しない木造、平家建ての飲食店を新築する場合は、原則として、都道府県知事等の許可を受けなければならない。,都市計画区域内において、延べ面積1500m?の仮設興行場の建築の用に供する目的で行う開発行為は、原則として、都道府県知事の許可を受けなければならない。,市街化区域内において、病院の建築の用に供する目的で行う開発行為で、その規模が5000m?のものについては、原則として、都道府県知事の許可を受けなければならない。,地区整備計画が定められている地区計画の区域内で、当該地区計画に建築物等の形態又は色彩その他の意匠の制限が定められている場合において、建築物等の形態又は色彩その他の意匠の変更をしようとするときは、原則として、当該行為に着手する日の30日前までに、所定の事項を市町村長に届け出なければならない。,2
R01,法規,25,,次の記述のうち、消防法上、誤っているものはどれか。ただし、建築物は、いずれも無窓階を有しないものとし、指定可燃物の貯蔵又は取扱いは行わないものとする。,延べ面積が350m?のキャバレーについては、原則として、自動火災報知設備を設置しなければならない。,消防用設備等の技術上の基準に関する規定の施行又は適用の際、現に存する百貨店における消防用設備等が当該規定に適合しないときは、当該消防用設備等については、当該規定に適合させなければならない。,準耐火建築物で、壁及び天井の室内に面する部分の仕上げを難燃材料でした延べ面積1000m?、地上2階建ての専修学校については、原則として、屋内消火栓設備を設置しなければならない。,延べ面積1500m?、地上2階建ての特別養護老人ホームで、火災発生時の延焼を抑制する機能として所定の構造を有しないものについては、原則として、スプリンクラー設備を設置しなければならない。,3
R01,法規,26,,次の記述のうち、「高齢者、障害者等の移動等の円滑化の促進に関する法律」上、誤っているものはどれか。,床面積の合計が90m?の公衆便所及び床面積の合計が2000m?の公共用歩廊を新築しようとするときは、いずれも建築物移動等円滑化基準に適合させなければならない。,床面積の合計が2000m?の図書館を新築しようとする場合において、当該図書館に設ける階段のうち、不特定かつ多数の者が利用し、又は主として高齢者、障害者等が利用するものは、踏面の端部とその周囲の部分との色の明度、色相又は彩度の差が大きいことにより段を容易に識別できるものとしなければならない。,移動等円滑化経路を構成する敷地内の通路は、幅を120cm以上とし、50m以内ごとに車椅子の転回に支障がない場所を設けなければならない。,既存の特別特定建築物に、床面積の合計2000m?の増築をする場合において、道等から当該増築部分にある利用居室までの経路が1であり、当該経路を構成する出入口、廊下等の一部が既存建築物の部分にある場合には、建築物移動等円滑化基準における移動等円滑化経路の規定は、当該増築に係る部分に限り適用される。,4
R01,法規,27,,次の記述のうち、関係法令上、誤っているものはどれか。,「住宅の品質確保の促進等に関する法律」に基づき、住宅新築請負契約又は新築住宅の売買契約における瑕疵担保責任の特例において、「住宅の構造耐力上主要な部分等」には、「雨水を排除するため住宅に設ける排水管のうち、当該住宅の屋根若しくは外壁の内部又は屋内にある部分」は含まれない。,「建築物の耐震改修の促進に関する法律」に基づき、要安全確認計画記載建築物の所有者は、当該建築物について耐震診断の結果、地震に対する安全性の向上を図る必要があると認められるときは、耐震改修を行うよう努めなければならない。,「建設工事に係る資材の再資源化等に関する法律」に基づき、特定建設資材を用いた建築物に係る解体工事で、当該建築物(当該解体工事に係る部分に限る。)の床面積の合計が100m?であるものの発注者は、工事に着手する日の7日前までに、所定の事項を都道府県知事に届け出なければならない。,「労働安全衛生法」に基づき、事業者は、建設業の仕事において、耐火建築物又は準耐火建築物で、石綿等が吹き付けられているものにおける石綿等の除去の作業を行う仕事を開始しようとするときは、その計画を当該仕事の開始の日の14日前までに、労働基準監督署長に届け出なければならない。,1
R01,法規,28,,次の記述のうち、建築基準法又は建築士法上、誤っているものはどれか。,建築基準法の構造耐力の規定に違反する建築物の設計を建築主が故意に指示し、建築士がそれに従って設計及び工事監理をした場合、当該建築主及び建築士のいずれも罰則の適用の対象となる。,建築士事務所の開設者である一級建築士が、当該建築士事務所の登録期間が満了したにもかかわらず、更新の登録を受けずに他人の求めに応じ報酬を得て工事監理業務を業として行った場合には、当該建築士は、業務停止等の懲戒処分の対象となる。,建築士事務所に属する建築士の氏名及びその者の一級建築士、二級建築士又は木造建築士の別に変更があった場合に、3月以内に、その旨を都道府県知事に届け出ないときは、当該建築士事務所の開設者及び管理建築士のいずれも罰則の適用の対象となる。,建築士事務所の開設者が、自己の名義をもって、他人に建築士事務所の業務を営ませたときは、当該建築士事務所の開設者は罰則の適用の対象となる。,3
R01,法規,29,,次の法律とその法律で用いられている防災に関連する用語との組合せのうち、誤っているものはどれか。,建築物の耐震改修の促進に関する法律 - 要緊急安全確認大規模建築物,建築基準法 - 災害危険区域,宅地造成等規制法 - 土砂災害特別警戒区域,密集市街地における防災街区の整備の促進に関する法律 - 特定防災街区整備地区,3
R01,法規,30,,次の記述のうち、関係法令上、誤っているものはどれか。,「建築物のエネルギー消費性能の向上に関する法律」に基づき、特定建築物以外の建築物の新築において、建築主が所定の事項に関する計画を所管行政庁に届け出なければならないのは、床面積の合計が2000m?以上の場合である。,「長期優良住宅の普及の促進に関する法律」に基づき、長期優良住宅建築等計画の認定を申請する者は、所管行政庁に対し、当該計画を建築主事に通知し、当該計画が建築基準法に規定する建築基準関係規定に適合するかどうかの審査を受けるよう申し出ることができる。,「景観法」に基づき、景観計画区域内において、建築物の建築等をしようとする者は、原則として、あらかじめ、所定の事項を景観行政団体の長に届け出なければならず、景観行政団体がその届出を受理した日から30日を経過した後でなければ、当該届出に係る行為に着手してはならない。,「都市の低炭素化の促進に関する法律」に基づき、低炭素建築物新築等計画の認定を受けた者は、当該認定を受けた低炭素建築物新築等計画の変更をしようとするときは、原則として、所定の申請書等を提出して所管行政庁の認定を受けなければならない。,1
R01,構造,1,図あり,等質で、図-1のような断面形状の部材に、図-2のように断面力として曲げモーメントMのみが作用している。この断面の降伏開始曲げモーメントをMy、全塑性モーメントをMpとするとき、M≦Myの場合とM=Mpの場合の中立軸の位置の組合せとして、正しいものは、次のうちどれか。ただし、中立軸の位置は断面下縁から測るものとする。,M≦Myの場合:200mm - M=Mpの場合:250mm,M≦Myの場合:250mm - M=Mpの場合:200mm,M≦Myの場合:250mm - M=Mpの場合:300mm,M≦Myの場合:300mm - M=Mpの場合:250mm,3
R01,構造,2,図あり,図のような材料とスパンが同じで、断面が異なる単純梁A、B及びCの中央に集中荷重Pが作用したとき、それぞれの梁の曲げによる中央たわみδA、δB及びδCの比として、正しいものは、次のうちどれか。ただし、梁は弾性部材とし、自重は無視する。また、梁B及びCを構成する部材の接触面の摩擦はないものとする。,δA:δB:δC = 1:1:1,δA:δB:δC = 1:1:4,δA:δB:δC = 1:2:4,δA:δB:δC = 1:4:8,2
R01,構造,3,図あり,図のようなラーメンに荷重10Pが作用したときの曲げモーメント図として、正しいものは、次のうちどれか。ただし、梁部材の曲げ剛性は2EI、柱部材の曲げ剛性は3EIとし、図のA点は自由端、B点は剛接合とする。また、曲げモーメントは材の引張側に描くものとする。,図1,図2,図3,図4,1
R01,構造,4,図あり,図のような水平力が作用する2層構造物(1層の水平剛性2K、2層の水平剛性K)において、1層の層間変位δ1と2層の層間変位δ2との比として、正しいものは、次のうちどれか。ただし、梁は剛とし、柱の軸方向の伸縮はないものとする。,δ1:δ2 = 1:2,δ1:δ2 = 1:4,δ1:δ2 = 2:3,δ1:δ2 = 3:4,4
R01,構造,5,図あり,図のような荷重が作用するトラスにおいて、部材ABに生じる軸方向力として、正しいものは、次のうちどれか。ただし、軸方向力は、引張力を「+」、圧縮力を「-」とする。,-12/(7√3)P,-2/(7√3)P,+2/(7√3)P,+12/(7√3)P,2
R01,構造,6,図あり,次の架構のうち、静定構造はどれか。,図1,図2,図3,図4,3
R01,構造,7,,建築基準法における建築物の構造計算に用いる風圧力に関する次の記述のうち、最も不適当なものはどれか。,風圧力の計算に用いる速度圧qは、その地方について定められている基準風速Vの2乗に比例する。,基準風速Vは、稀に発生する暴風時の地上10mにおける10分間平均風速に相当する値である。,ガスト影響係数Gfは、「平坦で障害物がない区域」より「都市化が著しい区域」のほうが大きい。,風圧力は、一般に、「外装材に用いる場合」より「構造骨組に用いる場合」のほうが大きい。,4
R01,構造,8,,建築基準法における荷重及び外力に関する次の記述のうち、最も不適当なものはどれか。,多雪区域以外の区域において、積雪荷重の計算に用いる積雪の単位荷重は、積雪量1cm当たり20N/m?以上とする。,店舗の売場に連絡する廊下の床の構造計算に用いる積載荷重は、建築物の実況に応じて計算しない場合、店舗の売場の床の積載荷重を用いることができる。,建築物の地下部分の各部分に作用する地震力は、一般に、当該部分の固定荷重と積載荷重との和に水平震度を乗じて計算する。,建築物の固有周期が長い場合や地震地域係数が小さい場合には、地震層せん断力係数Ciは、標準せん断力係数Coより小さくなる場合がある。,2
R01,構造,9,,木造軸組工法による地上2階建ての建築物の壁量の計算に関する次の記述のうち、最も不適当なものはどれか。,平面が長方形の建築物において、必要壁量が地震力により決定される場合、張り間方向と桁行方向の必要壁量は異なる値となる。,風圧力に対する2階の必要壁量は、2階床面からの高さ1.35mを超える部分の見付面積に所定の数値を乗じて得た数値となる。,壁倍率2の耐力壁の長さの合計が9mの場合の存在壁量と、壁倍率3の耐力壁の長さの合計が6mの場合の存在壁量は同じ値となる。,壁倍率1.5の筋かいを入れた軸組の片面に、壁倍率2.5の構造用合板を所定の方法で打ち付けた耐力壁の壁倍率は4となる。,1
R01,構造,10,,木造軸組工法による地上2階建ての建築物に関する次の記述のうち、最も不適当なものはどれか。,構造耐力上主要な柱について、やむを得ず柱の所要断面積の1/3を切り欠きしたので、切り欠きした部分が負担していた力を伝達できるように金物で補強した。,圧縮力と引張力の両方を負担する筋かいとして、厚さ1.5cm、幅9cmの木材を使用した。,国土交通大臣が定める基準に従った構造計算によって構造耐力上安全であることを確かめたので、小屋組の振れ止めを省略した。,構造耐力上主要な柱の小径を、横架材の相互間の垂直距離に対する割合によらず、国土交通大臣が定める基準に従った構造計算によって決定した。,2
R01,構造,11,,鉄筋コンクリート構造の設計に関する次の記述のうち、最も不適当なものはどれか。,耐力壁は、一般に、付着割裂破壊が発生しにくいことから、付着割裂破壊の検討を省略した。,柱の付着割裂破壊を防止するために、柱の引張鉄筋比を大きくした。,柱のせん断圧縮破壊を防止するために、コンクリートの設計基準強度を高くすることにより、コンクリートの圧縮強度に対する柱の軸方向応力度の比を小さくした。,柱梁接合部内に、帯筋比が0.3%以上となるように帯筋を配筋した。,2
R01,構造,12,,鉄筋コンクリート構造の梁に関する次の記述のうち、最も不適当なものはどれか。,最小あばら筋比は、曲げひび割れの発生に伴う急激な剛性の低下を防ぐために規定されている。,あばら筋の長期許容応力度は、SD295AからSD345に変更しても、大きくはならない。,主筋のコンクリートに対する許容付着応力度は、下端筋より上端筋のほうが小さい。,圧縮側の主筋は、長期荷重によるクリープたわみを抑制する効果がある。,1
R01,構造,13,図あり,鉄筋コンクリート構造の配筋に関する次の記述のうち、最も不適当なものはどれか。ただし、図に記載のない鉄筋は適切に配筋されているものとする。,断面内に打継ぎ部を有する基礎梁において、必要な定着長さが確保されていたので、図-1に示すように、基礎梁の側面にあばら筋の重ね継手を設けた。,片側に床スラブが取り付いた梁のあばら筋において、必要な余長が確保されていたので、図-2に示すように、あばら筋の末端の一端を90度フックとした。,梁下端主筋において、必要な重ね継手長さを確保したうえで、応力集中を避けるために、図-3に示すように、継手位置をずらして配筋した。,長方形孔を有する梁において、あばら筋に加え、図4に示すように、軸方向補強筋を長方形孔の上下に配筋した。,3
R01,構造,14,,鉄筋コンクリート構造の柱梁接合部に関する次の記述のうち、最も不適当なものはどれか。,外柱の柱梁接合部においては、一般に、靱性を確保するために、梁の下端筋は上向きに折り曲げて定着させる。,柱梁接合部の設計用せん断力は、取り付く梁が曲げ降伏する場合、曲げ降伏する梁の引張鉄筋量を増やすと大きくなる。,柱梁接合部の許容せん断力は、柱梁接合部の帯筋量を増やすと大きくなる。,柱梁接合部の許容せん断力は、コンクリートの設計基準強度を高くすると大きくなる。,3
R01,構造,15,,鉄骨構造の設計に関する次の記述のうち、最も不適当なものはどれか。,床面の水平せん断力を伝達するために、小梁と水平プレースによりトラス構造を形成する場合、小梁は軸方向力も受ける部材として検討する必要がある。,角形鋼管を用いて柱を設計する場合、横座屈を生じるおそれがないので、許容曲げ応力度を許容引張応力度と同じ値とすることができる。,H形鋼を用いた梁に均等間隔で横補剛材を設置して保有耐力横補剛とする場合において、梁を建築構造用圧延鋼材SN400Bから同一断面の建築構造用圧延鋼材SN490Bに変更することにより、横補剛の数を減らすことができる。,圧縮材の中間支点の横補剛材は、許容応力度設計による場合、圧縮材に作用する圧縮力の2%以上の集中力が加わるものとして設計する。,3
R01,構造,16,,鉄骨構造の設計に関する次の記述のうち、最も不適当なものはどれか。,柱の許容圧縮応力度の算定に用いる限界細長比は、基準強度F値が大きいほど大きくなる。,骨組の塑性変形能力を確保するために定められている柱及び梁の幅厚比の上限値は、基準強度F値が大きいほど小さくなる。,骨組の塑性変形能力を確保するために定められているH形鋼(炭素鋼)の梁の幅厚比の上限値は、フランジよりウェブのほうが大きい。,大地震時に、筋かい(炭素鋼)に必要な塑性変形能力を発揮させるために、筋かい端部及び接合部の破断耐力は、筋かい軸部の降伏耐力の1.2倍以上とする。,1
R01,構造,17,,鉄骨構造の接合部に関する次の記述のうち、最も不適当なものはどれか。,梁フランジを通しダイアフラムに突合せ溶接する場合、梁フランジは、通しダイアフラムを構成する鋼板の厚みの内部で溶接しなければならない。,強度の異なる鋼材を突合せ溶接する場合、強度の高いほうの鋼材に対応した溶接材料、溶接条件とすることにより、溶接部の許容応力度は、強度の高いほうの鋼材と同じ許容応力度とすることができる。,高力ボルト摩擦接合において、肌すきが1mm以内であれば、フィラープレートを挿入せず、そのまま高力ボルトを締め付けてもよい。,高力ボルトの最小縁端距離は、一般に、「手動ガス切断縁の場合」より「自動ガス切断縁の場合」のほうが小さい値である。,2
R01,構造,18,,柱材に板厚6mm以上の建築構造用冷間ロール成形角形鋼管(BCR)を用い、通しダイアフラム形式とした建築物の耐震計算に関する次の記述のうち、最も不適当なものはどれか。,「ルート1-1」において、標準せん断力係数Coを0.2として地震力の算定を行った。,「ルート1-2」において、標準せん断力係数Coを0.3として地震力の算定を行い、柱に生じる力を割増したので、層間変形角及び剛性率の検討を省略した。,「ルート2」において、最上階の柱頭部及び1階の柱脚部を除く全ての接合部については、柱の曲げ耐力の和が、柱に取り付く梁の曲げ耐力の和の1.5倍以上となるように設計した。,「ルート3」において、局部崩壊メカニズムとなったので、柱の耐力を低減して算定した保有水平耐力が、必要保有水平耐力以上であることを確認した。,1
R01,構造,19,,土質及び地盤に関する次の記述のうち、最も不適当なものはどれか。,液状化の判定を行う必要がある土層は、一般に、地表面から20m程度以浅の沖積層の飽和砂質土層である。,地下水には自由水、被圧水及び宙水があり、地下工事中に発生することがある根切り底面の盤ぶくれは、被圧水が原因である。,一軸圧縮試験は、粘性土の強度や変形係数を調べる簡便な方法で、実用性も高い。,砂質土地盤の支持力式に用いる内部摩擦角φは、砂質土が密実になるほど小さくなる。,4
R01,構造,20,図あり,図のような杭基礎の設計に関する次の記述のうち、最も不適当なものはどれか。,上部地盤が砂質土で地震時に液状化するおそれがある場合、各杭の水平抵抗力が低下しないよう地盤改良等の対策を行う。,上部地盤が粘性土で将来にわたって地盤沈下するおそれがある場合、各杭が地盤から突出する影響を考慮して杭の水平抵抗の検討を行う。,各杭の径が同じ場合、地震時に各杭が負担する水平力は杭長に応じて異なるものとして、杭の設計を行う。,各杭の長さが異なるので、地震時の杭の水平抵抗の検討のために、支持層の近傍で孔内水平載荷試験を行う。,4
R01,構造,21,,直接基礎及び杭基礎の設計に関する次の記述のうち、最も不適当なものはどれか。,直接基礎の即時沈下の計算において、粘性土地盤及び砂質土地盤ともにヤング率及びポアソン比を適切に設定した弾性体と仮定してもよい。,杭の引抜き抵抗力の計算において、長期及び短期ともに杭の有効自重(自重から浮力を減じた値)を引抜き抵抗力として考慮することができる。,杭基礎を有する建築物において、杭に作用する水平力は、建築物の地上部分の高さ及び基礎スラブの根入れ深さに応じて、一定の範囲で低減することができる。,杭の水平抵抗の検討に用いる水平方向地盤反力係数K(kN/m?)は、一様な地盤においては杭径が大きくなるほど大きくなる。,4
R01,構造,22,,プレストレストコンクリート構造の設計に関する次の記述のうち、最も不適当なものはどれか。,プレキャスト部材を継ぎ合わせて、プレストレスにより圧着接合する場合、圧着部の継目に生じるせん断力は、摩擦抵抗機構のみで伝達するように設計する。,ポストテンション材の緊張材定着部では、コンクリートの支圧破壊を避けるために、耐圧板とコンクリート端面との接触面積が広くなるように設計する。,ポストテンション方式によるプレストレストコンクリート構造の床版において、防錆材により被覆された緊張材を使用する場合、緊張材が配置されたシース内にグラウト材を注入しなくてもよい。,プレストレストコンクリート部材に導入されたプレストレス力は、緊張材のリラクセーション等により、時間の経過とともに増大する。,4
R01,構造,23,,各種建築構造に関する次の記述のうち、最も不適当なものはどれか。,H形断面の鉄骨梁と鉄筋コンクリートスラブを頭付きスタッドを介して緊結した合成梁では、一般に、上下フランジのいずれも、局部座屈の検討を省略することができる。,H形断面の鉄骨梁と鉄筋コンクリートスラブを接合する頭付きスタッドの設計に用いる水平せん断力は、曲げ終局時に合成梁の各断面に作用する圧縮力及び引張力の関係から計算できる。,地震時の軸力変動により引張力が生じる鉄骨鉄筋コンクリート造の最下階の鉄骨柱脚は、原則として、埋込み形式とする。,鉄骨鉄筋コンクリート造の柱のせん断終局耐力は、鉄骨部分と鉄筋コンクリート部分において、それぞれの「曲げで決まる耐力」と「せん断で決まる耐力」のいずれか小さいほうの耐力を求め、それらの耐力の和とすることができる。,1
R01,構造,24,,免震構造に関する次の記述のうち、最も不適当なものはどれか。,免震構造は、一般に、上部構造の水平剛性が大きくなると、上部構造の床応答加速度も大きくなる。,免震構造は、一般に、上部構造の質量及び剛性の偏在等によるねじれ変形が抑制される。,免震構造に用いられる粘性ダンパーは、速度に応じた減衰力を発揮し、免震層の過大な変形を抑制する働きがある。,免震構造に用いられる積層ゴムアイソレーターの水平剛性は、面圧(支持軸力を積層ゴムの水平断面積で除した値)の大きさによって変化する。,1
R01,構造,25,,制振構造に関する次の記述のうち、最も不適当なものはどれか。,制振構造に設置するダンパーは、建築物全体の耐力分布や振動性状を踏まえて、適切に配置する。,制振構造に用いられるオイルダンパーは、建築物の動きが比較的小さな段階から制振効果を発揮する。,制振構造に用いられる履歴型ダンパーの耐力は、地震後の建築物の残留変形を抑制するために、柱と梁からなる主架構の耐力よりも大きくする。,鋼材や鉛等の金属製の履歴型ダンパーは、金属が塑性化する際のエネルギー吸収能力を利用するものであり、安定した復元力特性と十分な疲労強度が必要である。,3
R01,構造,26,,建築物の耐震設計に関する次の記述のうち、最も不適当なものはどれか。,純ラーメン構造の場合、地震時の柱の軸方向力の変動は、一般に、中柱より外柱のほうが大きい。,鉄筋コンクリート造の腰壁付き梁の剛性は、腰壁と柱との間に完全スリットを設けた場合であっても、腰壁の影響を考慮する必要がある。,構造特性係数Dsは、一般に、架構が靱性に富むほど小さくすることができる。,連層の耐力壁に接続する梁(境界梁)の曲げ耐力及びせん断耐力を大きくすると、一般に、地震力に対する耐力壁の負担せん断力が小さくなる。,4
R01,構造,27,,木材に関する次の記述のうち、最も不適当なものはどれか。,木表は、一般に、木裏に比べて乾燥収縮率が大きいので、木表側に凹に反る性質がある。,木材の強度は、一般に、同じ乾燥状態であれば密度が大きいものほど高い。,含水率が繊維飽和点以下の木材の乾燥収縮率は、一般に、「年輪の接線方向」より「年輪の半径方向」のほうが大きい。,構造用材料の弾性係数は、一般に、気乾状態から含水率が繊維飽和点に達するまでは、含水率が大きくなるにしたがって小さくなる。,3
R01,構造,28,,コンクリートの一般的な性質に関する次の記述のうち、最も不適当なものはどれか。,コンクリートの圧縮強度は、水セメント比が小さいほど高い。,コンクリートの中性化速度は、水セメント比が小さいほど速い。,コンクリートのヤング係数は、コンクリートの圧縮強度が高いほど大きい。,水和熱によるコンクリートのひび割れは、単位セメント量が少ないコンクリートほど発生しにくい。,2
R01,構造,29,,鋼材に関する次の記述のうち、最も不適当なものはどれか。,建築構造用圧延鋼材(SN材)は、板厚が40mmを超えても、40mm以下の材と同じ基準強度が保証されている。,建築構造用圧延鋼材(SN材)C種は、B種の規定に加えて板厚方向の絞り値の下限が定められており、溶接加工時を含め板厚方向に大きな引張力が作用する角形鋼管柱の通しダイアフラム等に用いられている。,板厚が一定以上の建築構造用冷間ロール成形角形鋼管BCR295については、降伏比の上限値が定められている。,建築構造用ステンレス鋼材SUS304Aは、降伏点が明確ではないので、0.1%オフセット耐力をもとに基準強度が定められている。,1
R01,構造,30,,建築物の構造計画及び構造設計に関する次の記述のうち、最も不適当なものはどれか。,建築物の機能性、安全性、耐久性等の設計グレードを高く設定して、高品質を求めるのは必ずしもよい設計とはいえない。,建築物に作用する荷重及び外力には性質が異なるいろいろな種類があり、取扱いが難しいので、法規及び基規準は、荷重及び外力の数値を扱いやすいように便宜的に提示している。,建築物の高さ方向の剛性や耐力の分布が不連続になる場合には、剛性率に基づき安易に保有水平耐力を割り増すのではなく、地震時の振動性状や崩壊過程を十分に考慮して計画を進める必要がある。,構造物のモデル化において、実構造物により近い複雑な解析モデルを採用することは、計算精度が向上するので、解析結果の検証を省略できるという利点がある。,4
R01,施工,1,,民間工事における一般的な施工計画に関する次の記述のうち、最も不適当なものはどれか。,工種別の施工計画書は、どの工事においても共通的に利用できるように作成されたものではなく、対象となる個別の工事の条件や特徴等を踏まえて具体的に検討したうえで作成されたものであり、監理者は工種別の施工計画書の提出を受ける。,施工計画書の一部である品質計画は、工事において使用予定の材料、仕上げの程度、性能、精度等の施工の目標、品質管理及び管理の体制について具体的に記載したものであり、当該工事に相応して妥当である場合は、監理者は品質計画を承認する必要がある。,工事の総合的な計画をまとめて作成する総合施工計画書は、総合仮設を含めた工事の全般的な進め方や、主要工事の施工方法、品質目標と管理方針等の大要を定めたものであり、監理者は総合施工計画書の提出を受ける。,工事請負契約書の規定に基づく施工条件の変更等により、実施工程表を変更する必要が生じた場合は、施工に支障がないように、監理者は変更部分の工事と並行して変更された実施工程表を承認する必要がある。,4
R01,施工,2,,工事現場の管理に関する次の記述のうち、最も不適当なものはどれか。,高さが5mの鉄筋コンクリート造の既存建築物の解体作業において、「コンクリート造の工作物の解体等作業主任者」を選任した。,既存建築物の解体工事において、石綿を重量で0.1%を超えて含有する建材を除去するに当たり、「石綿作業主任者」を選任した。,山留めの高さが5mである山留め支保工の切ばりの取付けにおいて、「地山の掘削作業主任者」を選任した。,高さが5mの枠組足場の解体作業において、「足場の組立て等作業主任者」を選任した。,3
R01,施工,3,,材料管理及び品質管理に関する記述において、監理者が一般に行うものとして、最も不適当なものは、次のうちどれか。,工事現場に搬入した材料の検査において、立会い検査に合格した材料と同じ種別の材料については、以後の検査を、必要な証明書類により確認することとし、状況に応じて、抽出による立会い検査とした。,設計図書においてJIS又はJASによると指定された材料で、かつ、JIS又はJASのマーク表示があるものが使用されていたので、設計図書に定める品質及び性能を有することの証明となる書類等の確認を省略した。,鉄筋工事に用いる鉄筋については、有害な曲がりや損傷のあるものは使用せず、設計図書に従い、寸法及び形状に合わせて常温で加工し、組立てを行っていることを確認した。,セメントミルク工法による既製コンクリート杭工事において、「アースオーガーの掘削深さ」、「アースオーガーの駆動用電動機の電流値又は積分電流値」等から行う支持地盤の確認については、施工する本杭のうち、工事施工者が過半の杭について行っていることを確認した。,4
R01,施工,4,,建築工事等の届出等に関する組合せとして、最も不適当なものは、次のうちどれか。,大気汚染防止法に基づく「特定粉じん排出等作業実施届出書」 - 特定工事の発注者 - 作業開始の日の14日前まで - 労働基準監督署長,労働安全衛生法に基づく「共同企業体代表者届」 - 事業者 - 工事開始の日の14日前まで - 都道府県労働局長,建築基準法に基づく「建築工事届」 - 建築主 - 確認申請時又は計画通知時 - 都道府県知事,建築士法に基づく「工事監理報告書」 - 建築士 - 工事監理終了後、直ちに - 建築主,1
R01,施工,5,,地盤調査等に関する次の記述のうち、最も不適当なものはどれか。,事前に地層構成が想定できない地盤のボーリング調査において、地震応答解析の必要がない直接基礎の建築物であったので、その調査深さを建築物の幅の2倍とした。,ボーリング孔を利用した弾性波速度検層(PS検層)により、地盤内を伝搬する弾性波(P波・S波)の速度を測定し、その速度値から地盤の硬軟を判定した。,ボーリング調査において、ボーリング孔内に地下水が認められたので、孔内をなるべく長時間放置し、水位が安定してから地下水位を測定した。,粘性土地盤において、ボーリング調査の標準貫入試験の結果から得られたN値により、内部摩擦角や相対密度を推定した。,4
R01,施工,6,,土工事及び山留め工事に関する次の記述のうち、最も不適当なものはどれか。,ソイルセメント壁の心材としての形鋼に新品材を用いたので、心材の許容応力度については、短期許容応力度の値を採用した。,総掘りにおける根切り底において、地盤の状態については土質試料等を参考に目視により確認し、レベルチェックについては4mごとに1点を目安として行った。,埋戻しに当たり、埋戻し土が透水性の悪い山砂であったので、ローラー及びランマーによりまき出し厚さ50cmごとに締め固めた。,地下水処理におけるディープウェルの運転の停止については、「地下水の上昇による構造体の浮上りがないこと」、「地下外壁が自然地下水位よりも高く構築されていること」等を確認したうえで行った。,3
R01,施工,7,,地業工事に関する次の記述のうち、最も不適当なものはどれか。,液状化のおそれのある地盤の地盤改良工事については、地盤内に締め固められた砂杭が形成されるサンドコンパクションパイル工法を採用した。,場所打ちコンクリート杭工事の鉄筋籠の組立てにおいて、補強リングについては、主筋に断面欠損を生じないように注意して、堅固に溶接した。,セメントミルク工法による既製コンクリート杭工事において、建込み後の杭については、保持治具を用いて杭心に合わせて保持し、3日間養生を行った。,プレストレストコンクリート杭工事の杭頭処理において、ダイヤモンドカッター方式で杭頭を切断するに当たり、補強する範囲を当該切断面から350mm程度とした。,3
R01,施工,8,図あり,図中のア?エについて、鉄筋工事における柱主筋、大梁主筋等の一般的な継手位置(範囲)として、最も不適当なものは、次のうちどれか。ただし、鉄筋の継手は、ガス圧接継手とする。,ア,イ,ウ,エ,3
R01,施工,9,,型枠工事に関する次の記述のうち、最も不適当なものはどれか。,型枠支保工の構造計算における水平荷重については、支柱に鋼管枠を使用するに当たり、支保工の上端に設計荷重(鉛直荷重)の2.5/100に相当する値が作用することとした。,コンクリート打放し仕上げに使用するせき板に、「合板の日本農林規格」第5条「コンクリート型枠用合板の規格」による表面加工品を使用するに当たり、特記がなかったので、厚さが9mmのものを使用した。,計画供用期間の級が「標準」の建築物において、せき板の取外し後に湿潤養生をしない計画となっていたので、構造体コンクリートの圧縮強度が10N/mm?以上に達するまで、せき板を存置した。,片持ちスラブを除くスラブ下の型枠支保工の取外しについては、コンクリートの圧縮強度によることとしたので、圧縮強度が12N/mm?以上であること、かつ、施工中の荷重及び外力について、構造計算により安全であることを確認したうえで行った。,2
R01,施工,10,,コンクリート工事に関する記述において、監理者が一般に行うものとして、最も不適当なものは、次のうちどれか。,単位水量が180kg/m?と指定されたコンクリートにおいて、打込み中に品質変化が見られたので、単位水量が180kg/m?以下であることを、レディーミクストコンクリート工場の製造管理記録により確認した。,特記のないコンクリートの打継ぎにおいて、やむを得ず、梁に鉛直打継ぎ部を設けなければならなかったので、スパンの中央又は端から1/4の付近に打継ぎ部が設けられていることを確認した。,普通コンクリートにおける構造体コンクリートの強度の検査において、1回の圧縮強度の試験に用いる供試体については、レディーミクストコンクリートの受入れ検査と併用しないこととなっていたので、工事現場において適切な間隔をあけた3台の運搬車から各1個ずつ、合計3個採取されていることを確認した。,同一区画のコンクリート打込み時における打重ね時間の限度については、外気温が25℃を超えていたので、150分を目安としていることを確認した。,4
R01,施工,11,,図に示すコンクリート工事におけるフレッシュコンクリートの現場受入れ時の品質検査に関する次の記述のうち、最も不適当なものはどれか。ただし、設計図書において、コンクリートは普通コンクリートとし、調合管理強度は27N/mm?、スランプは18cmと指定されているものとする。また、「寒中コンクリート」には該当しないものとする。,スランプ試験の結果は、合格であると判断した。,空気量試験の結果は、合格であると判断した。,コンクリートの温度測定試験の結果は、合格であると判断した。,コンクリートの塩化物含有量試験の結果は、合格であると判断した。,2
R01,施工,12,,プレキャスト鉄筋コンクリート工事に関する次の記述のうち、最も不適当なものはどれか。,プレキャスト部材の組立精度の検査においては、特記がなかったので、柱・壁の垂直部材と梁・床の水平部材とも、組立て作業中の仮固定完了後、次のプレキャスト部材が組み立てられる前に、全数について、それぞれ±5mmを判定基準として行った。,工事現場において、バルコニー付きの床のプレキャスト部材を平置きで仮置きするので、ひび割れや変形等が生じないように、台木の位置を、組立て後にプレキャスト部材が支持される位置からできるだけ離した。,プレキャスト部材の製造工場における製品検査において、外壁のプレキャスト部材の屋外に面する部分に、幅0.10mm以下のひび割れがあったが、外壁の性能上支障がないと判断し、プレキャスト部材製造要領書に従って、初期補修用プレミックスポリマーセメントペーストによる補修を行ったうえで合格とした。,プレキャスト部材の製造に当たり、脱型時に表面温度が高いプレキャスト部材においては、表面部の温度が外気温と同程度となるまで水密シートによる養生を行った。,2
R01,施工,13,,鉄骨工事に関する次の記述のうち、最も不適当なものはどれか。,溶接部の清掃において、母材の溶接面について付着物の確認を行ったところ、固着したミルスケールがあったが、溶接に支障とならなかったので、除去しなかった。,工事現場において、H形鋼の梁と柱との接合に当たり、梁ウェブを高力ボルト接合とし梁フランジを溶接接合とする混用継手で、梁せいや梁フランジ厚が大きくなく、溶接部に割れ等の欠陥が生じるおそれがないと判断し、高力ボルトを締め付けた後に溶接を行った。,溶融亜鉛めっきを施した鉄骨の接合部の摩擦面については、すべり係数が0.40以上確保することができるように、特記がなかったので、りん酸塩処理を行った。,鉄骨の製作精度の管理において、特記がなかったので、鉄骨精度検査基準((一社)日本建築学会「建築工事標準仕様書 鉄骨工事付則6」)に従い、柱の長さについては、10m未満であったので、柱の長さの管理許容差を±5mmとした。,4
R01,施工,14,,鉄骨工事に関する記述において、監理者が一般に行うものとして、最も不適当なものは、次のうちどれか。,高力ボルト接合の摩擦面については、ショットブラストにより表面粗度を50μmRz以上確保できていたので、摩擦面に赤錆を発錆させないことを承認した。,組立溶接において、鋼材の板厚が6mmを超えていたので、ショートビードとならないように、組立溶接の最小溶接長さが30mmを基準としていることを確認した。,特記により、高力ボルト孔の孔あけ加工をレーザ孔あけとしたので、溶損部を含む孔径の精度を±0.5mmとしていることを確認した。,ねじの呼びM22のトルシア形高力ボルトにおいて、ボルトの長さについては締付け長さに35mmを加えたものを標準長さとし、標準長さに最も近い寸法のボルトが使用されていることを確認した。,2
R01,施工,15,,木工事に関する記述において、監理者が一般に行うものとして、最も不適当なものは、次のうちどれか。,最下階の床が木造の床組の建築物において、床下をコンクリートで覆わなかったので、ねこ土台を用い、外周部の土台の全周にわたって、1m当たり有効面積75cm?以上の換気孔が設けられていることを確認した。,鉄筋コンクリート造の建築物において、建具枠や間仕切壁下地を留め付けるための「木れんが」については、樹種がヒノキで、「木れんが用接着剤」によりコンクリート面に張り付けられていることを確認した。,軸組工法による木造の建築物における構造用合板等の面材を併用しない耐力壁において、壁倍率2.0に適合させるために30mm×90mmの木材を片筋かいとし、その端部がプレートBP-2により緊結されていることを確認した。,鉄筋コンクリート造の建築物の内部仕上げの下地を木工事とするに当たり、床組の土台の取付けに使用するアンカーボルトは、位置や埋込み深さが不正確とならないことを重視して、「あと施工アンカー」が適切に使用されていることを確認した。,3
R01,施工,16,,防水工事等に関する次の記述のうち、最も不適当なものはどれか。,合成高分子系シート防水工事において、防水層の下地の入隅については直角とし、出隅については45度の面取りとした。,アスファルト防水工事において、アスファルトプライマーを刷毛でむらなく均一となるよう塗布し、30~60分程度の経過後、一層目のアスファルトルーフィングを張り付けた。,共同住宅において、現場打ち鉄筋コンクリートのバルコニーを塗膜防水としたので、防水層の塗膜防水材をウレタンゴム系とし、その仕上げを軽歩行用仕上塗料とした。,屋上緑化システム工事において、防水層に植物の根が直接触れないようにするために、耐根層を防水層直上部に設けた。,2
R01,施工,17,,石張り工事、タイル工事及び左官工事に関する記述において、監理者が一般に行うものとして、最も不適当なものは、次のうちどれか。,石張り工事における外壁乾式工法において、止水のために石材間の目地をシーリング材で充填するに当たり、特記がなかったので、シーリング材の目地寸法が幅、深さともに5mm以上となっていることを確認した。,床を石張りとする部分の面積が広く、特記がなかったので、床面積30m?程度ごと及び石材と他の仕上材とが取り合う箇所に、伸縮調整目地が設けられていることを確認した。,セメントモルタルによる陶磁器質タイル張り工事における壁タイルの密着張りにおいて、タイル剥離防止のため、タイルの化粧目地の深さが、タイルの厚さの1/2以下となっていることを確認した。,コンクリート外壁面へのタイル張りの下地モルタル塗りにおいて、タイルの伸縮調整目地に合わせて、幅10mm以上の伸縮調整目地が発泡合成樹脂板で設けられていることを確認した。,1
R01,施工,18,,金属工事及びガラス工事に関する記述において、監理者が一般に行うものとして、最も不適当なものは、次のうちどれか。,軽量鉄骨壁下地工事において、床ランナー下端から1.2mごとに設ける振れ止めを電気配管の敷設により切断せざるを得なかったので、切断する箇所を振れ止めと同材又は吊りボルト(外径9.0mm)で補強する計画であることを確認した。,軽量鉄骨天井下地工事において、天井面に下がり壁による段違いがあったので、野縁受と同材又は山形鋼(L-30×30×3(mm))を補強材に用いて、3.6m程度の間隔で斜め補強されていることを確認した。,屋外に設置する鋼製の手摺において、温度差40℃の場合の部材伸縮の目安を1m当たり0.5mmとして、伸縮調整部が5~10mごとに設けられていることを確認した。,屋外に面する建具に合わせガラスを使用するに当たり、建具のガラス溝内に雨水が浸入した場合に雨水を排水するため、建具下枠のガラス溝に設ける水抜き孔の直径が6mm以上となっていることを確認した。,2
R01,施工,19,,内外装工事に関する記述において、監理者が一般に行うものとして、最も不適当なものは、次のうちどれか。,コンクリート下地への塗装工事において、素地調整を行うことができる乾燥期間を、冬期であったので、コンクリートの材齢が14日確保されていることを確認した。,下地面がコンクリートとなる「せっこうボードのせっこう系直張り用接着材による直張り工法」において、張付け時の室温が5℃以下となる寒冷期に、やむを得ず施工しなければならなかったので、採暖等の養生を行い、室温が10℃以上に保たれていることを確認した。,押出成形セメント板を用いる外壁工事において、横張り工法により取り付けたフラットパネル(働き幅600mm、厚さ60mmの標準パネル)については、構造体に固定した下地鋼材に取り付け、パネル枚数3枚以下ごとに自重受け金物で受けていることを確認した。,外壁のセメントモルタルによる陶磁器質タイル(セラミックタイル)後張りにおける引張接着強度検査については、引張接着強度が0.4N/mm?以上で、かつ、コンクリート下地の接着界面における破壊率が50%以下のものを合格とした。,1
R01,施工,20,,設備工事に関する記述において、監理者が一般に行うものとして、最も不適当なものは、次のうちどれか。,昇降機設備工事において、乗用エレベーターの昇降路内に、エレベーターに必要な配管設備を設けることとなっていたので、その配管設備が地震時においてエレベーターの籠又は釣合おもりに触れるおそれのないことを確認した。,非常用の照明装置の電気配線は、他の電気回路(電源又は誘導灯に接続する部分を除く。)に接続されず、かつ、非常用の照明装置の電気配線の途中に一般の者が、容易に電源を遮断することのできる開閉器が設けられていないことを確認した。,配管の埋設工事において、給水管と排水管とを平行して埋設する部分については、給水管を排水管の上方に埋設し、両配管の水平実間隔が300mm程度確保されていることを確認した。,共同住宅の居室に設ける自然換気設備の給気口については、居室の天井の高さの1/2以下の高さの位置に設けられ、常時外気に開放されている構造となっていることを確認した。,3
R01,施工,21,,各種工事に関する記述において、監理者が一般に行うものとして、最も不適当なものは、次のうちどれか。,施工中における建具の鍵については、コンストラクションキーシステムを用いたので、施工完了後に、シリンダーは取り替えずに工事用の鍵から本設用の鍵に切り替え、不用となった工事用の鍵が回収されていることを確認した。,屋上緑化システムを採用した屋根に設けるルーフドレンについては、その口径が目詰まりを考慮して余裕のある管径になっていることを確認したうえで、1排水面積に対して2箇所以上設置されていることを確認した。,軽量鉄骨天井下地工事において、照明器具の設置に当たり、野縁及び野縁受をやむを得ず切断しなければならなかったので、溶断することを承認した。,内装工事において、タイルカーペットをフリーアクセスフロア(高さ調整式)に敷設するに当たり、フリーアクセスフロアの床パネルの段違いや隙間が0.5mm以下に調整されていることを確認した。,3
R01,施工,22,,鉄筋コンクリート造の既存建築物の耐震改修工事に関する次の記述のうち、最も不適当なものはどれか。,現場打ち鉄筋コンクリート壁の増設工事において、壁厚が厚い複配筋の既存開口壁を鉄筋コンクリートにより閉塞するに当たり、開口周囲に埋め込む「あと施工アンカー」の埋込み長さについては、特記がなかったので、10da(da:アンカー筋径)とした。,枠付き鉄骨プレースの設置工事において、鉄骨枠と既存躯体との間にグラウト材(無収縮モルタル)を圧入したところ、圧入したグラウト材と既存躯体との間に3mmの隙間ができてしまったので、その隙間にエポキシ系樹脂を圧入した。,鋼板巻き工法による柱補強工事において、二分割した鋼板を現場で一体化するに当たり、鋼板の厚さが6mmであったので、突合せ溶接とした。,溶接金網巻き工法による柱補強工事において、溶接金網の継手を重ね継手とするに当たり、溶接金網の縦筋の間隔が100mmであったので、その継手長さを200mmとした。,1
R01,施工,23,,各種改修工事に関する次の記述のうち、最も不適当なものはどれか。,既存のアスファルト防水の改修工事において、既存防水層を非撤去とすることとしたので、立上り部及びルーフドレン回りの防水層についても非撤去とした。,既存のウレタンゴム系塗膜防水を撤去せず、新規にウレタンゴム系塗膜防水を施す改修工事において、既存防水層の膨れ部分については、カッターナイフで切除し、ポリマーセメントモルタルで平坦に仕上げた。,既存のモルタル塗り仕上げ外壁の仕上塗材の改修工事において、既存塗膜の劣化部の除去を高圧水洗工法で行うに当たり、その処理範囲については、特記がなかったので、既存仕上げ面全体とした。,コンクリート打放し仕上げ外壁の改修工事において、鉄筋が露出していない比較的浅い欠損部であったので、ポリマーセメントモルタル充填工法を採用して補修した。,1
R01,施工,24,,建築工事に関する用語・試験機器とその説明との組合せとして、最も不適当なものは、次のうちどれか。,腹起し - 山留め壁に作用する側圧を切ばり又は地盤アンカーに伝えるための水平部材,スランプフロー - スランプコーンを引き上げた後の試料の広がりを直径で表したフレッシュコンクリートの流動性を示す指標,エンドタブ - 鋼材の溶接において、アークの始端部や終端部が欠陥となりやすいため、溶接ビードの始点と終点に取り付ける補助板,タッピングマシン - 子供の飛び跳ねや走り回り等の比較的重く柔らかい衝撃が加わったときの床衝撃音の遮断性能を調査するための床衝撃音発生器,4
R01,施工,25,,建築物の工事請負契約又は監理業務委託契約に関する次の記述のうち、民間(旧四会)連合協定「工事請負契約約款」又は四会連合協定「建築設計・監理等業務委託契約約款」に照らして、最も不適当なものはどれか。,工事請負契約において、工事中に本契約の目的物の一部を発注者が使用する場合につき、法令に基づいて必要となる手続きは、発注者から手続きを委託された場合は監理者が行い、受注者は、これに協力するとともに手続きに要する費用を負担する。,工事請負契約において、発注者は、監理者の意見に基づいて、受注者の現場代理人、監理技術者又は主任技術者、専門技術者及び従業員並びに下請負者及びその作業員のうちに、工事の施工又は管理について著しく適当でないと認められる者があるときは、受注者に対して、その理由を明示した書面をもって、必要な措置をとることを求めることができる。,監理業務委託契約において、受託者は、本契約に定めがある場合、又は委託者の請求があるときは、監理業務の進捗状況について、委託者に説明・報告しなければならない。,監理業務委託契約において、建築設計・監理等業務委託契約約款の規定により履行期間又は業務委託書の内容が変更された場合において、委託者は、必要があると認めるときは、受託者に対して、監理業務方針の再説明を請求することができる。,1
